{"Q": [[2.3148148148148148e-06, 0.0, 0.0002777777777777778, 0.0], [0.0, 2.3148148148148148e-06, 0.0, 0.0002777777777777778], [0.0002777777777777778, 0.0, 0.016666666666666666, 0.0], [0.0, 0.0002777777777777778, 0.0, 0.016666666666666666]], "R": [[0.01, 0.0], [0.0, 0.01]], "P": [[10, 0, 0, 0], [0, 10, 0, 0], [0, 0, 100, 0], [0, 0, 0, 100]]}